xmlid	au-name	au-gender	title	firsted-yr	reprintCount	tr-lang	tr-year	tr-url
FRA00101	Adam, Juliette	f	Mon Village	1860	low	eng	1859?	https://www.worldcat.org/oclc/561638609
FRA00102	Adam, Juliette	f	Païenne	1883	low	N/A	N/A	N/A
FRA00201	Audoux, Marguerite	f	Marie-Claire	1910	high	nld	1911	http://www.worldcat.org/oclc/65000694
FRA00201	Audoux, Marguerite	f	Marie-Claire	1910	high	rus	1911	http://www.worldcat.org/oclc/823602963
FRA00201	Audoux, Marguerite	f	Marie-Claire	1910	high	fin	1911	http://www.worldcat.org/oclc/58255750
FRA00201	Audoux, Marguerite	f	Marie-Claire	1910	high	spa	1911	http://www.worldcat.org/oclc/15157858
FRA00201	Audoux, Marguerite	f	Marie-Claire	1910	high	deu	1911	http://www.worldcat.org/oclc/163275505
FRA00201	Audoux, Marguerite	f	Marie-Claire	1910	high	hun	1911	http://www.worldcat.org/oclc/1043072793
FRA00201	Audoux, Marguerite	f	Marie-Claire	1910	high	ces	1911	http://www.worldcat.org/oclc/723191397
FRA00201	Audoux, Marguerite	f	Marie-Claire	1910	high	dan	1911	http://www.worldcat.org/oclc/1163583195
FRA00201	Audoux, Marguerite	f	Marie-Claire	1910	high	eng	1912	http://www.worldcat.org/oclc/557348578
FRA00201	Audoux, Marguerite	f	Marie-Claire	1910	high	ita	1943	http://www.worldcat.org/oclc/878532535
FRA00201	Audoux, Marguerite	f	Marie-Claire	1910	high	jap	1943	http://www.worldcat.org/oclc/33677494
FRA00201	Audoux, Marguerite	f	Marie-Claire	1910	high	swe	1949	http://www.worldcat.org/oclc/186488397
FRA00201	Audoux, Marguerite	f	Marie-Claire	1910	high	slv	1962	http://www.worldcat.org/oclc/455633178
FRA00201	Audoux, Marguerite	f	Marie-Claire	1910	high	hun	1969	http://www.worldcat.org/oclc/907517612
FRA00201	Audoux, Marguerite	f	Marie-Claire	1910	high	hun	1969	http://www.worldcat.org/oclc/1014918895
FRA00201	Audoux, Marguerite	f	Marie-Claire	1910	high	pol	1978	http://www.worldcat.org/oclc/233494756
FRA00201	Audoux, Marguerite	f	Marie-Claire	1910	high	zh	1981	http://www.worldcat.org/oclc/298738341
FRA00201	Audoux, Marguerite	f	Marie-Claire	1910	high	nob	1991	http://www.worldcat.org/oclc/1028288737
FRA00201	Audoux, Marguerite	f	Marie-Claire	1910	high	deu	1992	http://www.worldcat.org/oclc/75254838
FRA00201	Audoux, Marguerite	f	Marie-Claire	1910	high	ara	2011	http://www.worldcat.org/oclc/1158855554
FRA00201	Audoux, Marguerite	f	Marie-Claire	1910	high	ita	2015	http://www.worldcat.org/oclc/1153192778
FRA00201	Audoux, Marguerite	f	Marie-Claire	1910	high	kor	2019	http://www.worldcat.org/oclc/1128658426
FRA00301	Aimard, Gustave	m	Les Trappeurs de l'Arkansas	1858	low	eng	2011	https://www.worldcat.org/oclc/941800950
FRA00301	Aimard, Gustave	m	Los tramperos de Arkansas	1858	low	spa	1942	https://www.worldcat.org/oclc/932451553
FRA00301	Aimard, Gustave	m	Die Trapper in Arkansas	1858	low	deu	2013	https://www.worldcat.org/oclc/846955233
FRA00302	Aimard, Gustave	m	Belle rivière	1894	low	swe	1897	https://www.worldcat.org/oclc/62371352
FRA00401	Allais, Alphone	m	Le Captain Cap	1902	high	N/A	N/A	N/A
FRA00501	Balzac, Honoré de	m	Albert Savarus	1853	high	eng	2019	https://www.worldcat.org/oclc/1142880010
FRA00501	Balzac, Honoré de	m	Albert Savarus	1853	high	deu	1998	https://www.worldcat.org/oclc/75952946
FRA00501	Balzac, Honoré de	m	Albert Savarus	1853	high	ita	2017	https://www.worldcat.org/oclc/1020117958
FRA00501	Balzac, Honoré de	m	Albert Savarus	1853	high	ces	1927	https://www.worldcat.org/oclc/45803091
FRA00501	Balzac, Honoré de	m	Albert Savarus	1853	high	pol	1957	https://www.worldcat.org/oclc/750005315
FRA00501	Balzac, Honoré de	m	Albert Savarus	1853	high	spa	1999	https://www.worldcat.org/oclc/70151773
FRA00501	Balzac, Honoré de	m	Albert Savarus	1853	high	chi	2002	https://www.worldcat.org/oclc/56136285
FRA00501	Balzac, Honoré de	m	Albert Savarus	1853	high	ell	1999	https://www.worldcat.org/oclc/271873900
FRA00501	Balzac, Honoré de	m	Albert Savarus	1853	high	ron	1909	https://www.worldcat.org/oclc/1178977871
FRA00501	Balzac, Honoré de	m	Albert Savarus	1853	high	hun	1978	https://www.worldcat.org/oclc/1132608744
FRA00502	Balzac, Honoré de	m	Le cousin Pons	1851-1853	high	eng	2019	https://www.worldcat.org/oclc/1122460124
FRA00502	Balzac, Honoré de	m	Le cousin Pons	1851-1853	high	deu	1998	https://www.worldcat.org/oclc/75953086
FRA00502	Balzac, Honoré de	m	Le cousin Pons	1851-1853	high	chi	1998	https://www.worldcat.org/oclc/953368765
FRA00502	Balzac, Honoré de	m	Le cousin Pons	1851-1853	high	ita	1954	https://www.worldcat.org/oclc/797817226
FRA00502	Balzac, Honoré de	m	Le cousin Pons	1851-1853	high	spa	1979	https://www.worldcat.org/oclc/24705113
FRA00502	Balzac, Honoré de	m	Le cousin Pons	1851-1853	high	hrv	1960	https://www.worldcat.org/oclc/456190930
FRA00502	Balzac, Honoré de	m	Le cousin Pons	1851-1853	high	jpn	N/A	https://www.worldcat.org/oclc/959618839
FRA00502	Balzac, Honoré de	m	Le cousin Pons	1851-1853	high	pol	2009	https://www.worldcat.org/oclc/751335390
FRA00502	Balzac, Honoré de	m	Le cousin Pons	1851-1853	high	tur	1990	https://www.worldcat.org/oclc/51718817
FRA00502	Balzac, Honoré de	m	Le cousin Pons	1851-1853	high	ces	1950	https://www.worldcat.org/oclc/458602588
FRA00502	Balzac, Honoré de	m	Le cousin Pons	1851-1853	high	heb	1981	https://www.worldcat.org/oclc/20068577
FRA00502	Balzac, Honoré de	m	Le cousin Pons	1851-1853	high	hun	1962	https://www.worldcat.org/oclc/1081559363
FRA00502	Balzac, Honoré de	m	Le cousin Pons	1851-1853	high	rus	1959	https://www.worldcat.org/oclc/434301438
FRA00502	Balzac, Honoré de	m	Le cousin Pons	1851-1853	high	slv	1983	https://www.worldcat.org/oclc/438741058
FRA00502	Balzac, Honoré de	m	Le cousin Pons	1851-1853	high	swe	1974	https://www.worldcat.org/oclc/462044283
FRA00502	Balzac, Honoré de	m	Le cousin Pons	1851-1853	high	alb	1975	https://www.worldcat.org/oclc/938870996
FRA00502	Balzac, Honoré de	m	Le cousin Pons	1851-1853	high	cat	2003	https://www.worldcat.org/oclc/806374217
FRA00502	Balzac, Honoré de	m	Le cousin Pons	1851-1853	high	fin	1980	https://www.worldcat.org/oclc/57770279
FRA00502	Balzac, Honoré de	m	Le cousin Pons	1851-1853	high	glg	2012	https://www.worldcat.org/oclc/828372346
FRA00502	Balzac, Honoré de	m	Le cousin Pons	1851-1853	high	kor	2018	https://www.worldcat.org/oclc/1077436714
FRA00502	Balzac, Honoré de	m	Le cousin Pons	1851-1853	high	ell	198-	https://www.worldcat.org/oclc/221064843
FRA00502	Balzac, Honoré de	m	Le cousin Pons	1851-1853	high	mac	1972	https://www.worldcat.org/oclc/276704566
FRA00502	Balzac, Honoré de	m	Le cousin Pons	1851-1853	high	ukr	1929	https://www.worldcat.org/oclc/24811585
FRA00503	Balzac, Honoré de	m	Le curé de village	1854	high	eng	1901	https://www.worldcat.org/oclc/37359394
FRA00503	Balzac, Honoré de	m	Le curé de village	1854	high	deu	1968	https://www.worldcat.org/oclc/80733718
FRA00503	Balzac, Honoré de	m	Le curé de village	1854	high	spa	2003	https://www.worldcat.org/oclc/698447859
FRA00503	Balzac, Honoré de	m	Le curé de village	1854	high	tur	1952	https://www.worldcat.org/oclc/282134688
FRA00503	Balzac, Honoré de	m	Le curé de village	1854	high	hun	1958	https://www.worldcat.org/oclc/637222019
FRA00503	Balzac, Honoré de	m	Le curé de village	1854	high	ara	N/A	https://www.worldcat.org/oclc/1103862888
FRA00503	Balzac, Honoré de	m	Le curé de village	1854	high	chi	1999	https://www.worldcat.org/oclc/170199448
FRA00503	Balzac, Honoré de	m	Le curé de village	1854	high	ita	1943	https://www.worldcat.org/oclc/252283392
FRA00503	Balzac, Honoré de	m	Le curé de village	1854	high	dan	1961	https://www.worldcat.org/oclc/1135723325
FRA00503	Balzac, Honoré de	m	Le curé de village	1854	high	jpn	1935	https://www.worldcat.org/oclc/33746535
FRA00503	Balzac, Honoré de	m	Le curé de village	1854	high	swe	1975	https://www.worldcat.org/oclc/185794948
FRA00601	Boisgobey, Fortuné du	m	Le crime de l'omnibus	1881	low	eng	2010	https://www.worldcat.org/oclc/847539538
FRA00601	Boisgobey, Fortuné du	m	Le crime de l'omnibus	1881	low	arm	1899	https://www.worldcat.org/oclc/23045222
FRA00601	Boisgobey, Fortuné du	m	Le crime de l'omnibus	1881	low	deu	1900	https://www.worldcat.org/oclc/1002229145
FRA00601	Boisgobey, Fortuné du	m	Le crime de l'omnibus	1881	low	jpn	1891	https://www.worldcat.org/oclc/1081835821
FRA00601	Boisgobey, Fortuné du	m	Le crime de l'omnibus	1881	low	spa	2017	https://www.worldcat.org/oclc/992765673
FRA00602	Boisgobey, Fortuné du	m	Rubis sur l'ongle	1886	low	eng	1887	https://www.worldcat.org/oclc/560035455
FRA00701	Carraud, Zulma	f	La petite Jeanne	1852	high	eng	N/A	https://www.worldcat.org/oclc/1096966466
FRA00801	Dash, Comtesse [Gabrielle Anna de Cisternes de Courtiras, vicomtesse de Saint-Mars]	f	Le château de Pinon I	1843	low	N/A	N/A	N/A
FRA00901	Daudet, Alphonse	m	Le petit chose	1867	high	eng	1971	https://www.worldcat.org/oclc/939407450
FRA00901	Daudet, Alphonse	m	Le petit chose	1867	high	deu	1928	https://www.worldcat.org/oclc/72493873
FRA00901	Daudet, Alphonse	m	Le petit chose	1867	high	kor	1989	https://www.worldcat.org/oclc/19576784
FRA00901	Daudet, Alphonse	m	Le petit chose	1867	high	chi	2000	https://www.worldcat.org/oclc/769017882
FRA00901	Daudet, Alphonse	m	Le petit chose	1867	high	spa	1963	https://www.worldcat.org/oclc/433847535
FRA00901	Daudet, Alphonse	m	Le petit chose	1867	high	vie	2002	https://www.worldcat.org/oclc/52548152
FRA00901	Daudet, Alphonse	m	Le petit chose	1867	high	ara	1984	https://www.worldcat.org/oclc/228603352
FRA00901	Daudet, Alphonse	m	Le petit chose	1867	high	pol	1957	https://www.worldcat.org/oclc/749998781
FRA00901	Daudet, Alphonse	m	Le petit chose	1867	high	heb	1923	https://www.worldcat.org/oclc/47959667
FRA00901	Daudet, Alphonse	m	Le petit chose	1867	high	ita	1965	https://www.worldcat.org/oclc/797146020
FRA00901	Daudet, Alphonse	m	Le petit chose	1867	high	jpn	1957	https://www.worldcat.org/oclc/33780744
FRA00901	Daudet, Alphonse	m	Le petit chose	1867	high	ces	1917	https://www.worldcat.org/oclc/320605230
FRA00901	Daudet, Alphonse	m	Le petit chose	1867	high	ron	1992	https://www.worldcat.org/oclc/895045419
FRA00901	Daudet, Alphonse	m	Le petit chose	1867	high	rus	1899	https://www.worldcat.org/oclc/716878489
FRA00901	Daudet, Alphonse	m	Le petit chose	1867	high	sqi	1989	https://www.worldcat.org/oclc/224360138
FRA00901	Daudet, Alphonse	m	Le petit chose	1867	high	arm	2014	https://www.worldcat.org/oclc/905556410
FRA00901	Daudet, Alphonse	m	Le petit chose	1867	high	cat	1929	https://www.worldcat.org/oclc/803591666
FRA00901	Daudet, Alphonse	m	Le petit chose	1867	high	dan	1879	https://www.worldcat.org/oclc/14157182
FRA00901	Daudet, Alphonse	m	Le petit chose	1867	high	fan	1929	https://www.worldcat.org/oclc/1080167871
FRA00901	Daudet, Alphonse	m	Le petit chose	1867	high	lav	1967	https://www.worldcat.org/oclc/583382577
FRA00901	Daudet, Alphonse	m	Le petit chose	1867	high	per	2019	https://www.worldcat.org/oclc/1132140919
FRA00901	Daudet, Alphonse	m	Le petit chose	1867	high	por	1950	https://www.worldcat.org/oclc/253534106
FRA00901	Daudet, Alphonse	m	Le petit chose	1867	high	tur	1931	https://www.worldcat.org/oclc/318585977
FRA00901	Daudet, Alphonse	m	Le petit chose	1867	high	ukr	1931	https://www.worldcat.org/oclc/833155996
FRA01002	Delarue-Mardrus, Lucie	f	Toutoune et son amour	1919	low	pol	1922	https://www.worldcat.org/oclc/832157704
FRA01101	Dombre, Roger [Marguerite Sisson / Marguerite Ligeron]	f	Une pupille gênante	1890	low	eng	N/A	https://www.worldcat.org/oclc/1096831545
FRA01102	Dombre, Roger [Marguerite Sisson / Marguerite Ligeron]	f	Folla	1889	low	eng	N/A	https://www.worldcat.org/oclc/1096794339
FRA01201	Féval, Paul Henri Corentin [dit Paul Féval père]	m	Le Cavalier Fortune	1868	low	eng	1869-70	https://www.worldcat.org/oclc/560292589
FRA01202	Féval, Paul Henri Corentin [dit Paul Féval père]	m	Les Errants de nuit	1857	low	N/A	N/A	N/A
FRA01203	Féval, Paul Henri Corentin [dit Paul Féval père]	m	le Loup blanc	1845	high	N/A	N/A	N/A
FRA01301	Flaubert, Gustave	m	L'Éducation sentimentale	1869	high	eng	2013	https://www.worldcat.org/oclc/1076499797
FRA01301	Flaubert, Gustave	m	L'Éducation sentimentale	1869	high	deu	1996	https://www.worldcat.org/oclc/75708963
FRA01301	Flaubert, Gustave	m	L'Éducation sentimentale	1869	high	spa	2015	https://www.worldcat.org/oclc/946481554
FRA01301	Flaubert, Gustave	m	L'Éducation sentimentale	1869	high	ita	1993	https://www.worldcat.org/oclc/797873426
FRA01301	Flaubert, Gustave	m	L'Éducation sentimentale	1869	high	kor	1985	https://www.worldcat.org/oclc/51440394
FRA01301	Flaubert, Gustave	m	L'Éducation sentimentale	1869	high	chi	2008	https://www.worldcat.org/oclc/489566288
FRA01301	Flaubert, Gustave	m	L'Éducation sentimentale	1869	high	jpn	1947	https://www.worldcat.org/oclc/744113022
FRA01301	Flaubert, Gustave	m	L'Éducation sentimentale	1869	high	rus	1989	https://www.worldcat.org/oclc/35173441
FRA01301	Flaubert, Gustave	m	L'Éducation sentimentale	1869	high	ell	1992	https://www.worldcat.org/oclc/880492322
FRA01301	Flaubert, Gustave	m	L'Éducation sentimentale	1869	high	hun	2009	https://www.worldcat.org/oclc/1081952150
FRA01301	Flaubert, Gustave	m	L'Éducation sentimentale	1869	high	pol	2016	https://www.worldcat.org/oclc/946449898
FRA01301	Flaubert, Gustave	m	L'Éducation sentimentale	1869	high	tur	2015	https://www.worldcat.org/oclc/1074439971
FRA01301	Flaubert, Gustave	m	L'Éducation sentimentale	1869	high	cat	1982	https://www.worldcat.org/oclc/802011247
FRA01301	Flaubert, Gustave	m	L'Éducation sentimentale	1869	high	ces	1898	https://www.worldcat.org/oclc/7157880
FRA01301	Flaubert, Gustave	m	L'Éducation sentimentale	1869	high	heb	2003	https://www.worldcat.org/oclc/57633321
FRA01301	Flaubert, Gustave	m	L'Éducation sentimentale	1869	high	ron	1976	https://www.worldcat.org/oclc/889252536
FRA01301	Flaubert, Gustave	m	L'Éducation sentimentale	1869	high	slv	1987	https://www.worldcat.org/oclc/437407791
FRA01301	Flaubert, Gustave	m	L'Éducation sentimentale	1869	high	swe	1951	https://www.worldcat.org/oclc/58065574
FRA01301	Flaubert, Gustave	m	L'Éducation sentimentale	1869	high	dan	2000	https://www.worldcat.org/oclc/473354237
FRA01301	Flaubert, Gustave	m	L'Éducation sentimentale	1869	high	dut	2004	https://www.worldcat.org/oclc/66770711
FRA01301	Flaubert, Gustave	m	L'Éducation sentimentale	1869	high	fin	1986	https://www.worldcat.org/oclc/57771501
FRA01301	Flaubert, Gustave	m	L'Éducation sentimentale	1869	high	nor	2016	https://www.worldcat.org/oclc/1028429172
FRA01301	Flaubert, Gustave	m	L'Éducation sentimentale	1869	high	per	1970-1971	https://www.worldcat.org/oclc/904284285
FRA01301	Flaubert, Gustave	m	L'Éducation sentimentale	1869	high	por	2007	https://www.worldcat.org/oclc/212888400
FRA01301	Flaubert, Gustave	m	L'Éducation sentimentale	1869	high	ukr	2005	https://www.worldcat.org/oclc/173610599
FRA01302	Flaubert, Gustave	m	Madame Bovary	1857	high	eng	1979	https://www.worldcat.org/oclc/8867299
FRA01302	Flaubert, Gustave	m	Madame Bovary	1857	high	spa	2018	https://www.worldcat.org/oclc/1049849403
FRA01302	Flaubert, Gustave	m	Madame Bovary	1857	high	deu	1994	https://www.worldcat.org/oclc/75417085
FRA01302	Flaubert, Gustave	m	Madame Bovary	1857	high	ita	1985	https://www.worldcat.org/oclc/43323199
FRA01302	Flaubert, Gustave	m	Madame Bovary	1857	high	chi	2020	https://www.worldcat.org/oclc/1227059039
FRA01302	Flaubert, Gustave	m	Madame Bovary	1857	high	kor	2000	https://www.worldcat.org/oclc/244111623
FRA01302	Flaubert, Gustave	m	Madame Bovary	1857	high	rus	2012	https://www.worldcat.org/oclc/1020192577
FRA01302	Flaubert, Gustave	m	Madame Bovary	1857	high	jpn	2014	https://www.worldcat.org/oclc/922709808
FRA01302	Flaubert, Gustave	m	Madame Bovary	1857	high	swe	1958-1959	https://www.worldcat.org/oclc/186645162
FRA01302	Flaubert, Gustave	m	Madame Bovary	1857	high	dan	1967	https://www.worldcat.org/oclc/922589991
FRA01302	Flaubert, Gustave	m	Madame Bovary	1857	high	por	2008	https://www.worldcat.org/oclc/1096513669
FRA01302	Flaubert, Gustave	m	Madame Bovary	1857	high	tur	2010	https://www.worldcat.org/oclc/1074541727
FRA01302	Flaubert, Gustave	m	Madame Bovary	1857	high	cat	2001	https://www.worldcat.org/oclc/807534910
FRA01302	Flaubert, Gustave	m	Madame Bovary	1857	high	ara	2012	https://www.worldcat.org/oclc/856962513
FRA01302	Flaubert, Gustave	m	Madame Bovary	1857	high	ell	2014	https://www.worldcat.org/oclc/873400413
FRA01302	Flaubert, Gustave	m	Madame Bovary	1857	high	dut	1961	https://www.worldcat.org/oclc/66741366
FRA01302	Flaubert, Gustave	m	Madame Bovary	1857	high	pol	2014	https://www.worldcat.org/oclc/910247128
FRA01302	Flaubert, Gustave	m	Madame Bovary	1857	high	yid	1928	https://www.worldcat.org/oclc/42433611
FRA01302	Flaubert, Gustave	m	Madame Bovary	1857	high	baq	2012	https://www.worldcat.org/oclc/864291713
FRA01302	Flaubert, Gustave	m	Madame Bovary	1857	high	hun	2018	https://www.worldcat.org/oclc/1082040067
FRA01302	Flaubert, Gustave	m	Madame Bovary	1857	high	glg	2005	https://www.worldcat.org/oclc/433871139
FRA01302	Flaubert, Gustave	m	Madame Bovary	1857	high	heb	1991	https://www.worldcat.org/oclc/27057805
FRA01302	Flaubert, Gustave	m	Madame Bovary	1857	high	hin	2004	https://www.worldcat.org/oclc/55803140
FRA01302	Flaubert, Gustave	m	Madame Bovary	1857	high	hrv	1989	https://www.worldcat.org/oclc/442460499
FRA01302	Flaubert, Gustave	m	Madame Bovary	1857	high	srp	1976	https://www.worldcat.org/oclc/441249233
FRA01302	Flaubert, Gustave	m	Madame Bovary	1857	high	nor	1994	https://www.worldcat.org/oclc/1050825835
FRA01302	Flaubert, Gustave	m	Madame Bovary	1857	high	fas	2019	https://www.worldcat.org/oclc/1122862571
FRA01302	Flaubert, Gustave	m	Madame Bovary	1857	high	ron	1972	https://www.worldcat.org/oclc/938878414
FRA01302	Flaubert, Gustave	m	Madame Bovary	1857	high	ukr	2017	https://www.worldcat.org/oclc/1120770724
FRA01302	Flaubert, Gustave	m	Madame Bovary	1857	high	hye	1963	https://www.worldcat.org/oclc/974926092
FRA01302	Flaubert, Gustave	m	Madame Bovary	1857	high	tha	1978	https://www.worldcat.org/oclc/63530252
FRA01302	Flaubert, Gustave	m	Madame Bovary	1857	high	vie	2012	https://www.worldcat.org/oclc/810089100
FRA01302	Flaubert, Gustave	m	Madame Bovary	1857	high	ben	1941	https://www.worldcat.org/oclc/229484415
FRA01302	Flaubert, Gustave	m	Madame Bovary	1857	high	ces	2016	https://www.worldcat.org/oclc/960189683
FRA01302	Flaubert, Gustave	m	Madame Bovary	1857	high	ice	1947	https://www.worldcat.org/oclc/184750719
FRA01302	Flaubert, Gustave	m	Madame Bovary	1857	high	kan	196-	https://www.worldcat.org/oclc/499802021
FRA01302	Flaubert, Gustave	m	Madame Bovary	1857	high	khm	1974	https://www.worldcat.org/oclc/254538921
FRA01302	Flaubert, Gustave	m	Madame Bovary	1857	high	lat	1851	https://www.worldcat.org/oclc/1018401999
FRA01302	Flaubert, Gustave	m	Madame Bovary	1857	high	lit	1955	https://www.worldcat.org/oclc/1247110
FRA01302	Flaubert, Gustave	m	Madame Bovary	1857	high	mac	2002	https://www.worldcat.org/oclc/223665944
FRA01302	Flaubert, Gustave	m	Madame Bovary	1857	high	mon	2014	https://www.worldcat.org/oclc/1097547674
FRA01302	Flaubert, Gustave	m	Madame Bovary	1857	high	nor	2012	https://www.worldcat.org/oclc/1028460792
FRA01302	Flaubert, Gustave	m	Madame Bovary	1857	high	slv	2010	https://www.worldcat.org/oclc/780976446
FRA01302	Flaubert, Gustave	m	Madame Bovary	1857	high	tam	2014	https://www.worldcat.org/oclc/1084754590
FRA01302	Flaubert, Gustave	m	Madame Bovary	1857	high	urd	2016	https://www.worldcat.org/oclc/1023184487
FRA01302	Flaubert, Gustave	m	Madame Bovary	1857	high	afr	1948	https://www.worldcat.org/oclc/85957025
FRA01302	Flaubert, Gustave	m	Madame Bovary	1857	high	sqi	2002?	https://www.worldcat.org/oclc/269387041
FRA01302	Flaubert, Gustave	m	Madame Bovary	1857	high	ang	1973	https://www.worldcat.org/oclc/440042345
FRA01302	Flaubert, Gustave	m	Madame Bovary	1857	high	bos	1998	https://www.worldcat.org/oclc/47978052
FRA01302	Flaubert, Gustave	m	Madame Bovary	1857	high	enm	1965	https://www.worldcat.org/oclc/154240493
FRA01302	Flaubert, Gustave	m	Madame Bovary	1857	high	fin	2005	https://www.worldcat.org/oclc/76847636
FRA01302	Flaubert, Gustave	m	Madame Bovary	1857	high	guj	1956	https://www.worldcat.org/oclc/58909078
FRA01302	Flaubert, Gustave	m	Madame Bovary	1857	high	her	2004	https://www.worldcat.org/oclc/76623292
FRA01302	Flaubert, Gustave	m	Madame Bovary	1857	high	lav	1951	https://www.worldcat.org/oclc/7214406
FRA01302	Flaubert, Gustave	m	Madame Bovary	1857	high	mal	2011	https://www.worldcat.org/oclc/769102664
FRA01302	Flaubert, Gustave	m	Madame Bovary	1857	high	may	1993	https://www.worldcat.org/oclc/224435972
FRA01302	Flaubert, Gustave	m	Madame Bovary	1857	high	nno	2017	https://www.worldcat.org/oclc/1028517845
FRA01302	Flaubert, Gustave	m	Madame Bovary	1857	high	sin	2009	https://www.worldcat.org/oclc/646234823
FRA01303	Flaubert, Gustave	m	Salammbô	1862	high	eng	2003	https://www.worldcat.org/oclc/681800068
FRA01303	Flaubert, Gustave	m	Salammbô	1862	high	deu	1921	https://www.worldcat.org/oclc/1065533996
FRA01303	Flaubert, Gustave	m	Salammbô	1862	high	spa	2017	https://www.worldcat.org/oclc/975459035
FRA01303	Flaubert, Gustave	m	Salammbô	1862	high	ita	2005	https://www.worldcat.org/oclc/799867049
FRA01303	Flaubert, Gustave	m	Salammbô	1862	high	pol	1954	https://www.worldcat.org/oclc/750071894
FRA01303	Flaubert, Gustave	m	Salammbô	1862	high	rus	2010	https://www.worldcat.org/oclc/707634685
FRA01303	Flaubert, Gustave	m	Salammbô	1862	high	jpn	1938	https://www.worldcat.org/oclc/23029992
FRA01303	Flaubert, Gustave	m	Salammbô	1862	high	chi	2017	https://www.worldcat.org/oclc/1096336699
FRA01303	Flaubert, Gustave	m	Salammbô	1862	high	ara	2008	https://www.worldcat.org/oclc/262583487
FRA01303	Flaubert, Gustave	m	Salammbô	1862	high	dan	2017	https://www.worldcat.org/oclc/1004892708
FRA01303	Flaubert, Gustave	m	Salammbô	1862	high	hun	1928	https://www.worldcat.org/oclc/1087672984
FRA01303	Flaubert, Gustave	m	Salammbô	1862	high	fin	1908	https://www.worldcat.org/oclc/58208497
FRA01303	Flaubert, Gustave	m	Salammbô	1862	high	urd	2005	https://www.worldcat.org/oclc/61683199
FRA01303	Flaubert, Gustave	m	Salammbô	1862	high	cat	1995	https://www.worldcat.org/oclc/431220707
FRA01303	Flaubert, Gustave	m	Salammbô	1862	high	ces	2000	https://www.worldcat.org/oclc/55080980
FRA01303	Flaubert, Gustave	m	Salammbô	1862	high	ell	1978	https://www.worldcat.org/oclc/880506057
FRA01303	Flaubert, Gustave	m	Salammbô	1862	high	kor	1974	https://www.worldcat.org/oclc/975777509
FRA01303	Flaubert, Gustave	m	Salammbô	1862	high	lit	1949	https://www.worldcat.org/oclc/459287984
FRA01303	Flaubert, Gustave	m	Salammbô	1862	high	por	1978	https://www.worldcat.org/oclc/816957137
FRA01303	Flaubert, Gustave	m	Salammbô	1862	high	ron	2007	https://www.worldcat.org/oclc/895200860
FRA01303	Flaubert, Gustave	m	Salammbô	1862	high	swe	2014	https://www.worldcat.org/oclc/941427992
FRA01303	Flaubert, Gustave	m	Salammbô	1862	high	tur	2003	https://www.worldcat.org/oclc/62118098
FRA01303	Flaubert, Gustave	m	Salammbô	1862	high	ukr	1973	https://www.worldcat.org/oclc/839577759
FRA01303	Flaubert, Gustave	m	Salammbô	1862	high	yid	1927	https://www.worldcat.org/oclc/746576364
FRA01303	Flaubert, Gustave	m	Salammbô	1862	high	dut	2017	https://www.worldcat.org/oclc/983466702
FRA01303	Flaubert, Gustave	m	Salammbô	1862	high	heb	1922	https://www.worldcat.org/oclc/1063621966
FRA01303	Flaubert, Gustave	m	Salammbô	1862	high	hrv	1918	https://www.worldcat.org/oclc/4049008
FRA01303	Flaubert, Gustave	m	Salammbô	1862	high	lav	1971	https://www.worldcat.org/oclc/871715886
FRA01303	Flaubert, Gustave	m	Salammbô	1862	high	per	1995	https://www.worldcat.org/oclc/38482756
FRA01303	Flaubert, Gustave	m	Salammbô	1862	high	slk	1974	https://www.worldcat.org/oclc/37267118
FRA01303	Flaubert, Gustave	m	Salammbô	1862	high	slv	1931	https://www.worldcat.org/oclc/7698288
FRA01303	Flaubert, Gustave	m	Salammbô	1862	high	tha	2002	https://www.worldcat.org/oclc/844720567
FRA01303	Flaubert, Gustave	m	Salammbô	1862	high	vie	2014	https://www.worldcat.org/oclc/900022585
FRA01401	Fleuriot, Zénaïde	f	Un enfant gâté	1877	low	deu	1910	https://www.worldcat.org/oclc/1074860400
FRA01402	Fleuriot, Zénaïde	f	En congé	1874	low	eng	1875	https://www.worldcat.org/oclc/315235398
FRA01402	Fleuriot, Zénaïde	f	En congé	1874	low	deu	1911	https://www.worldcat.org/oclc/633416838
FRA01403	Fleuriot, Zénaïde	f	Alberte	1881	low	eng	2015	https://www.worldcat.org/oclc/930601727
FRA01501	France, Anatole	m	Les dieux ont soif: édition ELTeC	1912	high	eng	1927	https://www.worldcat.org/oclc/560027113
FRA01501	France, Anatole	m	Les dieux ont soif	1912	high	deu	1964	https://www.worldcat.org/oclc/720136004
FRA01501	France, Anatole	m	Les dieux ont soif	1912	high	spa	1954	https://www.worldcat.org/oclc/55460976
FRA01501	France, Anatole	m	Les dieux ont soif	1912	high	jpn	2000	https://www.worldcat.org/oclc/675215135
FRA01501	France, Anatole	m	Les dieux ont soif	1912	high	ita	1970	https://www.worldcat.org/oclc/797877350
FRA01501	France, Anatole	m	Les dieux ont soif	1912	high	hun	1961	https://www.worldcat.org/oclc/780890124
FRA01501	France, Anatole	m	Les dieux ont soif	1912	high	rus	1970	https://www.worldcat.org/oclc/9050715
FRA01501	France, Anatole	m	Les dieux ont soif	1912	high	tur	1999	https://www.worldcat.org/oclc/283805366
FRA01501	France, Anatole	m	Les dieux ont soif	1912	high	yid	1917	https://www.worldcat.org/oclc/19311566
FRA01501	France, Anatole	m	Les dieux ont soif	1912	high	arm	1925	https://www.worldcat.org/oclc/22249133
FRA01501	France, Anatole	m	Les dieux ont soif	1912	high	dut	1905	https://www.worldcat.org/oclc/156081738
FRA01501	France, Anatole	m	Les dieux ont soif	1912	high	heb	1927	https://www.worldcat.org/oclc/43740054
FRA01501	France, Anatole	m	Les dieux ont soif	1912	high	kor	1981	https://www.worldcat.org/oclc/38178765
FRA01501	France, Anatole	m	Les dieux ont soif	1912	high	ara	1939	https://www.worldcat.org/oclc/213814469
FRA01501	France, Anatole	m	Les dieux ont soif	1912	high	chi	1982	https://www.worldcat.org/oclc/879587884
FRA01501	France, Anatole	m	Les dieux ont soif	1912	high	dan	1954	https://www.worldcat.org/oclc/68384587
FRA01501	France, Anatole	m	Les dieux ont soif	1912	high	fas	2012	https://www.worldcat.org/oclc/942651900
FRA01501	France, Anatole	m	Les dieux ont soif	1912	high	pol	1923	https://www.worldcat.org/oclc/749837771
FRA01501	France, Anatole	m	Les dieux ont soif	1912	high	vie	2015	https://www.worldcat.org/oclc/927129651
FRA01501	France, Anatole	m	Les dieux ont soif	1912	high	fin	1933	https://www.worldcat.org/oclc/465025020
FRA01501	France, Anatole	m	Les dieux ont soif	1912	high	gre	1980	https://www.worldcat.org/oclc/45250900
FRA01501	France, Anatole	m	Les dieux ont soif	1912	high	hrv	1965	https://www.worldcat.org/oclc/450679505
FRA01501	France, Anatole	m	Les dieux ont soif	1912	high	lav	1958	https://www.worldcat.org/oclc/13664546
FRA01501	France, Anatole	m	Les dieux ont soif	1912	high	mon	2009	https://www.worldcat.org/oclc/1097543551
FRA01501	France, Anatole	m	Les dieux ont soif	1912	high	ron	1978	https://www.worldcat.org/oclc/895280840
FRA01501	France, Anatole	m	Les dieux ont soif	1912	high	slk	1947	https://www.worldcat.org/oclc/775668562
FRA01501	France, Anatole	m	Les dieux ont soif	1912	high	slv	1973	https://www.worldcat.org/oclc/441274960
FRA01501	France, Anatole	m	Les dieux ont soif	1912	high	srp	1977	https://www.worldcat.org/oclc/938868772
FRA01501	France, Anatole	m	Les dieux ont soif	1912	high	swe	2005	https://www.worldcat.org/oclc/940036276
FRA01501	France, Anatole	m	Les dieux ont soif	1912	high	ukr	1921	https://www.worldcat.org/oclc/462708214
FRA01601	Gautier, Judith	f	La Sœur du Soleil	1887	high	rus	1904	https://www.worldcat.org/oclc/809459814
FRA01602	Gautier, Judith	f	Fleurs d'Orient	1893	low	N/A	N/A	N/A
FRA01603	Gautier, Judith	f	Les Princesses d'Amour : courtisanes japonaises	1900	high	N/A	N/A	N/A
FRA01701	Gautier, Théophile	m	Militona	1847	high	eng	2011	https://www.worldcat.org/oclc/941844815
FRA01701	Gautier, Théophile	m	Militona	1847	high	ger	1926	https://www.worldcat.org/oclc/915977266
FRA01701	Gautier, Théophile	m	Militona	1847	high	spa	1917	https://www.worldcat.org/oclc/707156176
FRA01701	Gautier, Théophile	m	Militona	1847	high	ben	19--?	https://www.worldcat.org/oclc/52465303
FRA01701	Gautier, Théophile	m	Militona	1847	high	ces	1927	https://www.worldcat.org/oclc/85390131
FRA01701	Gautier, Théophile	m	Militona	1847	high	ita	1964	https://www.worldcat.org/oclc/799156846
FRA01701	Gautier, Théophile	m	Militona	1847	high	slk	1960	https://www.worldcat.org/oclc/320585012
FRA01801	Gay, Marie Françoise Sophie	f	Ellenore	1844	low	N/A	N/A	N/A
FRA01902	Gaboriau, Émile	m	Monsieur Lecoq	1869	high	eng	2020	https://www.worldcat.org/oclc/1180972076
FRA01902	Gaboriau, Émile	m	Monsieur Lecoq	1869	high	spa	1923	https://www.worldcat.org/oclc/696633794
FRA01902	Gaboriau, Émile	m	Monsieur Lecoq	1869	high	deu	1983	https://www.worldcat.org/oclc/833110222
FRA01902	Gaboriau, Émile	m	Monsieur Lecoq	1869	high	ita	1965	https://www.worldcat.org/oclc/799855089
FRA01902	Gaboriau, Émile	m	Monsieur Lecoq	1869	high	pol	1924	https://www.worldcat.org/oclc/830848519
FRA01902	Gaboriau, Émile	m	Monsieur Lecoq	1869	high	chi	1928	https://www.worldcat.org/oclc/966200752
FRA01902	Gaboriau, Émile	m	Monsieur Lecoq	1869	high	swe	1920	https://www.worldcat.org/oclc/186168276
FRA01902	Gaboriau, Émile	m	Monsieur Lecoq	1869	high	ota	1889	https://www.worldcat.org/oclc/66959682
FRA01902	Gaboriau, Émile	m	Monsieur Lecoq	1869	high	ron	1986	https://www.worldcat.org/oclc/893872850
FRA01902	Gaboriau, Émile	m	Monsieur Lecoq	1869	high	rus	2006	https://www.worldcat.org/oclc/233637680
FRA01902	Gaboriau, Émile	m	Monsieur Lecoq	1869	high	yid	between 1900 and 1929?	https://www.worldcat.org/oclc/1007555202
FRA02001	Gilbert, Jehan	m	Vers le pôle en aéroplane	1912	low	N/A	N/A	N/A
FRA02101	Girardin, Delphine de [Delphine Gay]	f	Marguerite, ou Deux amours	1854	high	N/A	N/A	N/A
FRA02201	Gouraud, Julie [Louise d'Aulnay]	f	Quand je serai grande	1888	low	N/A	N/A	N/A
FRA02202	Gouraud, Julie [Louise d'Aulnay]	f	Le petit colporteur	1867	low	hun	1887	https://www.worldcat.org/oclc/909817434
FRA02202	Gouraud, Julie [Louise d'Aulnay]	f	Le petit colporteur	1867	low	eng	1868	https://www.worldcat.org/oclc/811003070
FRA02203	Gouraud, Julie [Louise d'Aulnay]	f	Les Filles du professeur	1876	low	N/A	N/A	N/A
FRA02301	Gréville, Henry [Alice Marie Céleste Fleury, dite Durand]	f	La seconde mère	1888	low	eng	1928	https://www.worldcat.org/oclc/459574492
FRA02301	Gréville, Henry [Alice Marie Céleste Fleury, dite Durand]	f	La seconde mère	1888	low	deu	1889	https://www.worldcat.org/oclc/1068437142
FRA02302	Gréville, Henry [Alice Marie Céleste Fleury, dite Durand]	f	L'amie	1878	low	spa	1878	https://www.worldcat.org/oclc/970876754
FRA02303	Gréville, Henry [Alice Marie Céleste Fleury, dite Durand]	f	Ariadne	1878	low	dan	1878	https://www.worldcat.org/oclc/465741780
FRA02303	Gréville, Henry [Alice Marie Céleste Fleury, dite Durand]	f	Ariadne	1878	low	eng	2014	https://www.worldcat.org/oclc/1191734074
FRA02401	Le Rouge, Gustave	m	L'Esclave amoureuse	1904	low	N/A	N/A	N/A
FRA02501	Loti, Pierre	m	Mon frère Yves	1883	high	eng	1887	https://www.worldcat.org/oclc/47033138
FRA02501	Loti, Pierre	m	Mon frère Yves	1883	high	hun	1920	https://www.worldcat.org/oclc/908899885
FRA02501	Loti, Pierre	m	Mon frère Yves	1883	high	cat	1950?	https://www.worldcat.org/oclc/803486504
FRA02501	Loti, Pierre	m	Mon frère Yves	1883	high	chi	1933	https://www.worldcat.org/oclc/664234300
FRA02501	Loti, Pierre	m	Mon frère Yves	1883	high	ces	1893?	https://www.worldcat.org/oclc/1015971944
FRA02501	Loti, Pierre	m	Mon frère Yves	1883	high	dut	1898	https://www.worldcat.org/oclc/902268653
FRA02501	Loti, Pierre	m	Mon frère Yves	1883	high	fin	1917	https://www.worldcat.org/oclc/58249979
FRA02501	Loti, Pierre	m	Mon frère Yves	1883	high	deu	1903	https://www.worldcat.org/oclc/634769545
FRA02501	Loti, Pierre	m	Mon frère Yves	1883	high	spa	1957	https://www.worldcat.org/oclc/689266988
FRA02601	Malot, Hector	m	Romain Kalbris	1869	high	eng	1936	https://www.worldcat.org/oclc/615545
FRA02601	Malot, Hector	m	Romain Kalbris	1869	high	chi	1970	https://www.worldcat.org/oclc/35899362
FRA02601	Malot, Hector	m	Romain Kalbris	1869	high	dut	1907	https://www.worldcat.org/oclc/901326331
FRA02601	Malot, Hector	m	Romain Kalbris	1869	high	deu	1928	https://www.worldcat.org/oclc/491604989
FRA02601	Malot, Hector	m	Romain Kalbris	1869	high	rus	1992	https://www.worldcat.org/oclc/29376619
FRA02601	Malot, Hector	m	Romain Kalbris	1869	high	cat	1959	https://www.worldcat.org/oclc/807338201
FRA02601	Malot, Hector	m	Romain Kalbris	1869	high	ita	1875	https://www.worldcat.org/oclc/457968464
FRA02601	Malot, Hector	m	Romain Kalbris	1869	high	jpn	2006	https://www.worldcat.org/oclc/675899377
FRA02601	Malot, Hector	m	Romain Kalbris	1869	high	sqi	1977	https://www.worldcat.org/oclc/13443471
FRA02601	Malot, Hector	m	Romain Kalbris	1869	high	arm	1974	https://www.worldcat.org/oclc/856263177
FRA02601	Malot, Hector	m	Romain Kalbris	1869	high	heb	1995	https://www.worldcat.org/oclc/33040496
FRA02601	Malot, Hector	m	Romain Kalbris	1869	high	pol	1910	https://www.worldcat.org/oclc/864195363
FRA02601	Malot, Hector	m	Romain Kalbris	1869	high	ron	2005?	https://www.worldcat.org/oclc/895133445
FRA02601	Malot, Hector	m	Romain Kalbris	1869	high	spa	1921	https://www.worldcat.org/oclc/1129274541
FRA02601	Malot, Hector	m	Romain Kalbris	1869	high	vie	2001	https://www.worldcat.org/oclc/52628644
FRA02601	Malot, Hector	m	Romain Kalbris	1869	high	yid	1940	https://www.worldcat.org/oclc/1037595386
FRA02602	Malot, Hector	m	Sans famille	1878	high	eng	1940	https://www.worldcat.org/oclc/933781922
FRA02602	Malot, Hector	m	Sans famille	1878	high	deu	1925	https://www.worldcat.org/oclc/72614066
FRA02602	Malot, Hector	m	Sans famille	1878	high	jpn	1969	https://www.worldcat.org/oclc/672754367
FRA02602	Malot, Hector	m	Sans famille	1878	high	chi	2011	https://www.worldcat.org/oclc/781907626
FRA02602	Malot, Hector	m	Sans famille	1878	high	ita	1991	https://www.worldcat.org/oclc/797831826
FRA02602	Malot, Hector	m	Sans famille	1878	high	spa	2008	https://www.worldcat.org/oclc/277201690
FRA02602	Malot, Hector	m	Sans famille	1878	high	heb	1966	https://www.worldcat.org/oclc/23176519
FRA02602	Malot, Hector	m	Sans famille	1878	high	kor	2004	https://www.worldcat.org/oclc/57239970
FRA02602	Malot, Hector	m	Sans famille	1878	high	rus	2008	https://www.worldcat.org/oclc/232576082
FRA02602	Malot, Hector	m	Sans famille	1878	high	dut	2017	https://www.worldcat.org/oclc/1008867724
FRA02602	Malot, Hector	m	Sans famille	1878	high	swe	1935	https://www.worldcat.org/oclc/676881697
FRA02602	Malot, Hector	m	Sans famille	1878	high	vie	2018	https://www.worldcat.org/oclc/1091236512
FRA02602	Malot, Hector	m	Sans famille	1878	high	ara	2000	https://www.worldcat.org/oclc/271580400
FRA02602	Malot, Hector	m	Sans famille	1878	high	ell	1987	https://www.worldcat.org/oclc/880438791
FRA02602	Malot, Hector	m	Sans famille	1878	high	ota	1894 or 1895	https://www.worldcat.org/oclc/25346355
FRA02602	Malot, Hector	m	Sans famille	1878	high	pol	1987	https://www.worldcat.org/oclc/69308859
FRA02602	Malot, Hector	m	Sans famille	1878	high	afr	1950	https://www.worldcat.org/oclc/703853390
FRA02602	Malot, Hector	m	Sans famille	1878	high	dan	1955	https://www.worldcat.org/oclc/894861827
FRA02602	Malot, Hector	m	Sans famille	1878	high	gle	1934	https://www.worldcat.org/oclc/223299149
FRA02602	Malot, Hector	m	Sans famille	1878	high	srp	1952	https://www.worldcat.org/oclc/446491003
FRA02602	Malot, Hector	m	Sans famille	1878	high	tha	1988	https://www.worldcat.org/oclc/682978148
FRA02602	Malot, Hector	m	Sans famille	1878	high	yid	1940	https://www.worldcat.org/oclc/1011222856
FRA02602	Malot, Hector	m	Sans famille	1878	high	arm	2019	https://www.worldcat.org/oclc/1198467022
FRA02602	Malot, Hector	m	Sans famille	1878	high	hun	2012	https://www.worldcat.org/oclc/909848135
FRA02602	Malot, Hector	m	Sans famille	1878	high	swe	2003	https://www.worldcat.org/oclc/1028429752
FRA02602	Malot, Hector	m	Sans famille	1878	high	tur	1991	https://www.worldcat.org/oclc/66173733
FRA02602	Malot, Hector	m	Sans famille	1878	high	amh	2001	https://www.worldcat.org/oclc/271731104
FRA02602	Malot, Hector	m	Sans famille	1878	high	ben	1935	https://www.worldcat.org/oclc/229484775
FRA02602	Malot, Hector	m	Sans famille	1878	high	ces	1960	https://www.worldcat.org/oclc/793851820
FRA02602	Malot, Hector	m	Sans famille	1878	high	est	1959	https://www.worldcat.org/oclc/27142860
FRA02602	Malot, Hector	m	Sans famille	1878	high	fan	1993	https://www.worldcat.org/oclc/475275620
FRA02602	Malot, Hector	m	Sans famille	1878	high	fin	1975	https://www.worldcat.org/oclc/57942974
FRA02602	Malot, Hector	m	Sans famille	1878	high	ind	1974	https://www.worldcat.org/oclc/220242623
FRA02602	Malot, Hector	m	Sans famille	1878	high	jav	1932	https://www.worldcat.org/oclc/63842346
FRA02602	Malot, Hector	m	Sans famille	1878	high	lav	1989	https://www.worldcat.org/oclc/38187946
FRA02602	Malot, Hector	m	Sans famille	1878	high	nno	2003	https://www.worldcat.org/oclc/1028433735
FRA02602	Malot, Hector	m	Sans famille	1878	high	nor	1901	https://www.worldcat.org/oclc/23195071
FRA02602	Malot, Hector	m	Sans famille	1878	high	per	2006	https://www.worldcat.org/oclc/1080552663
FRA02602	Malot, Hector	m	Sans famille	1878	high	roh	1978	https://www.worldcat.org/oclc/77922065
FRA02602	Malot, Hector	m	Sans famille	1878	high	ron	1980	https://www.worldcat.org/oclc/895795886
FRA02602	Malot, Hector	m	Sans famille	1878	high	sun	1919	https://www.worldcat.org/oclc/880761237
FRA02602	Malot, Hector	m	Sans famille	1878	high	ukr	1906	https://www.worldcat.org/oclc/875188822
FRA02603	Malot, Hector	m	Conscience	1888	low	eng	1891	https://www.worldcat.org/oclc/14315980
FRA02701	Maupassant, Guy de	m	Bel-Ami	1885	high	eng	1974	https://www.worldcat.org/oclc/2849013
FRA02701	Maupassant, Guy de	m	Bel-Ami	1885	high	deu	1923	https://www.worldcat.org/oclc/249038901
FRA02701	Maupassant, Guy de	m	Bel-Ami	1885	high	spa	2020	https://www.worldcat.org/oclc/1192383437
FRA02701	Maupassant, Guy de	m	Bel-Ami	1885	high	ita	2019	https://www.worldcat.org/oclc/1141577273
FRA02701	Maupassant, Guy de	m	Bel-Ami	1885	high	hun	1961	https://www.worldcat.org/oclc/909871287
FRA02701	Maupassant, Guy de	m	Bel-Ami	1885	high	rus	2019	https://www.worldcat.org/oclc/1133252464
FRA02701	Maupassant, Guy de	m	Bel-Ami	1885	high	chi	2018	https://www.worldcat.org/oclc/1129688513
FRA02701	Maupassant, Guy de	m	Bel-Ami	1885	high	dut	2012	https://www.worldcat.org/oclc/1140487991
FRA02701	Maupassant, Guy de	m	Bel-Ami	1885	high	swe	1885	https://www.worldcat.org/oclc/187139190
FRA02701	Maupassant, Guy de	m	Bel-Ami	1885	high	cat	1982	https://www.worldcat.org/oclc/802836894
FRA02701	Maupassant, Guy de	m	Bel-Ami	1885	high	kor	2011	https://www.worldcat.org/oclc/909282632
FRA02701	Maupassant, Guy de	m	Bel-Ami	1885	high	dan	1972	https://www.worldcat.org/oclc/463300195
FRA02701	Maupassant, Guy de	m	Bel-Ami	1885	high	jpn	2013	https://www.worldcat.org/oclc/840111289
FRA02701	Maupassant, Guy de	m	Bel-Ami	1885	high	pol	2012	https://www.worldcat.org/oclc/805264253
FRA02701	Maupassant, Guy de	m	Bel-Ami	1885	high	yid	1901	https://www.worldcat.org/oclc/42743366
FRA02701	Maupassant, Guy de	m	Bel-Ami	1885	high	ces	2016	https://www.worldcat.org/oclc/960189846
FRA02701	Maupassant, Guy de	m	Bel-Ami	1885	high	fin	1955	https://www.worldcat.org/oclc/58064881
FRA02701	Maupassant, Guy de	m	Bel-Ami	1885	high	ell	1995	https://www.worldcat.org/oclc/1111696540
FRA02701	Maupassant, Guy de	m	Bel-Ami	1885	high	guj	1992	https://www.worldcat.org/oclc/59897832
FRA02701	Maupassant, Guy de	m	Bel-Ami	1885	high	heb	1982	https://www.worldcat.org/oclc/1035256372
FRA02701	Maupassant, Guy de	m	Bel-Ami	1885	high	tur	2015	https://www.worldcat.org/oclc/981602515
FRA02701	Maupassant, Guy de	m	Bel-Ami	1885	high	arm	2013	https://www.worldcat.org/oclc/880723866
FRA02701	Maupassant, Guy de	m	Bel-Ami	1885	high	hrv	1965	https://www.worldcat.org/oclc/456178863
FRA02701	Maupassant, Guy de	m	Bel-Ami	1885	high	per	2005	https://www.worldcat.org/oclc/951448356
FRA02701	Maupassant, Guy de	m	Bel-Ami	1885	high	urd	2018	https://www.worldcat.org/oclc/1088505901
FRA02701	Maupassant, Guy de	m	Bel-Ami	1885	high	vie	2018	https://www.worldcat.org/oclc/1088505751
FRA02701	Maupassant, Guy de	m	Bel-Ami	1885	high	alb	2002	https://www.worldcat.org/oclc/799861686
FRA02701	Maupassant, Guy de	m	Bel-Ami	1885	high	ara	2016	https://www.worldcat.org/oclc/981939316
FRA02701	Maupassant, Guy de	m	Bel-Ami	1885	high	bul	1931	https://www.worldcat.org/oclc/7613237
FRA02701	Maupassant, Guy de	m	Bel-Ami	1885	high	bur	1958	https://www.worldcat.org/oclc/54255505
FRA02701	Maupassant, Guy de	m	Bel-Ami	1885	high	hin	1997	https://www.worldcat.org/oclc/40511199
FRA02701	Maupassant, Guy de	m	Bel-Ami	1885	high	isl	1949	https://www.worldcat.org/oclc/64049960
FRA02701	Maupassant, Guy de	m	Bel-Ami	1885	high	mal	1932	https://www.worldcat.org/oclc/854024761
FRA02701	Maupassant, Guy de	m	Bel-Ami	1885	high	nor	1919	https://www.worldcat.org/oclc/29057383
FRA02701	Maupassant, Guy de	m	Bel-Ami	1885	high	por	2002	https://www.worldcat.org/oclc/434446344
FRA02701	Maupassant, Guy de	m	Bel-Ami	1885	high	ron	2014	https://www.worldcat.org/oclc/1043067171
FRA02701	Maupassant, Guy de	m	Bel-Ami	1885	high	slk	1960	https://www.worldcat.org/oclc/770413535
FRA02701	Maupassant, Guy de	m	Bel-Ami	1885	high	slv	1966	https://www.worldcat.org/oclc/438194084
FRA02701	Maupassant, Guy de	m	Bel-Ami	1885	high	srp	1968	https://www.worldcat.org/oclc/780680929
FRA02701	Maupassant, Guy de	m	Bel-Ami	1885	high	ukr	2004	https://www.worldcat.org/oclc/60345533
FRA02702	Maupassant, Guy de	m	Une Vie	1883	high	eng	2012	https://www.worldcat.org/oclc/933708329
FRA02702	Maupassant, Guy de	m	Une Vie	1883	high	kor	2010	https://www.worldcat.org/oclc/566041789
FRA02702	Maupassant, Guy de	m	Une Vie	1883	high	deu	1899	https://www.worldcat.org/oclc/251084488
FRA02702	Maupassant, Guy de	m	Une Vie	1883	high	chi	2014	https://www.worldcat.org/oclc/933487752
FRA02702	Maupassant, Guy de	m	Une Vie	1883	high	spa	1997	https://www.worldcat.org/oclc/920123884
FRA02702	Maupassant, Guy de	m	Une Vie	1883	high	hun	2005	https://www.worldcat.org/oclc/909563344
FRA02702	Maupassant, Guy de	m	Une Vie	1883	high	jpn	1934	https://www.worldcat.org/oclc/1183235080
FRA02702	Maupassant, Guy de	m	Une Vie	1883	high	ita	2007	https://www.worldcat.org/oclc/799627978
FRA02702	Maupassant, Guy de	m	Une Vie	1883	high	rus	1955	https://www.worldcat.org/oclc/633196500
FRA02702	Maupassant, Guy de	m	Une Vie	1883	high	yid	1900	https://www.worldcat.org/oclc/697618069
FRA02702	Maupassant, Guy de	m	Une Vie	1883	high	heb	1967	https://www.worldcat.org/oclc/130773022
FRA02702	Maupassant, Guy de	m	Une Vie	1883	high	swe	1950	https://www.worldcat.org/oclc/700507642
FRA02702	Maupassant, Guy de	m	Une Vie	1883	high	ara	195?	https://www.worldcat.org/oclc/1025740187
FRA02702	Maupassant, Guy de	m	Une Vie	1883	high	ben	1951	https://www.worldcat.org/oclc/229484799
FRA02702	Maupassant, Guy de	m	Une Vie	1883	high	ces	1933	https://www.worldcat.org/oclc/908821030
FRA02702	Maupassant, Guy de	m	Une Vie	1883	high	ell	1989	https://www.worldcat.org/oclc/1111700725
FRA02702	Maupassant, Guy de	m	Une Vie	1883	high	pol	1908	https://www.worldcat.org/oclc/864132952
FRA02702	Maupassant, Guy de	m	Une Vie	1883	high	mal	2009	https://www.worldcat.org/oclc/770601685
FRA02702	Maupassant, Guy de	m	Une Vie	1883	high	por	1958	https://www.worldcat.org/oclc/253664006
FRA02702	Maupassant, Guy de	m	Une Vie	1883	high	slv	1982	https://www.worldcat.org/oclc/443565077
FRA02702	Maupassant, Guy de	m	Une Vie	1883	high	ukr	1993	https://www.worldcat.org/oclc/36470968
FRA02702	Maupassant, Guy de	m	Une Vie	1883	high	vie	2000	https://www.worldcat.org/oclc/755988093
FRA02702	Maupassant, Guy de	m	Une Vie	1883	high	sqi	2003	https://www.worldcat.org/oclc/58844095
FRA02702	Maupassant, Guy de	m	Une Vie	1883	high	amh	1992	https://www.worldcat.org/oclc/36328043
FRA02702	Maupassant, Guy de	m	Une Vie	1883	high	asm	1965	https://www.worldcat.org/oclc/311443774
FRA02702	Maupassant, Guy de	m	Une Vie	1883	high	cat	2011	https://www.worldcat.org/oclc/1135263680
FRA02702	Maupassant, Guy de	m	Une Vie	1883	high	fin	1945	https://www.worldcat.org/oclc/58085175
FRA02702	Maupassant, Guy de	m	Une Vie	1883	high	hrv	1965	https://www.worldcat.org/oclc/52880957
FRA02702	Maupassant, Guy de	m	Une Vie	1883	high	lav	1929	https://www.worldcat.org/oclc/42245770
FRA02702	Maupassant, Guy de	m	Une Vie	1883	high	lit	1953	https://www.worldcat.org/oclc/459248155
FRA02702	Maupassant, Guy de	m	Une Vie	1883	high	nob	2016	https://www.worldcat.org/oclc/1028464325
FRA02702	Maupassant, Guy de	m	Une Vie	1883	high	nor	1918	https://www.worldcat.org/oclc/156917940
FRA02702	Maupassant, Guy de	m	Une Vie	1883	high	per	2016	https://www.worldcat.org/oclc/985426931
FRA02702	Maupassant, Guy de	m	Une Vie	1883	high	tur	2014	https://www.worldcat.org/oclc/949368247
FRA02702	Maupassant, Guy de	m	Une Vie	1883	high	uig	2000	https://www.worldcat.org/oclc/48794932
FRA02802	Mirbeau, Octave	m	La Maréchale	1883	high	N/A	N/A	N/A
FRA02901	Noailles, Anna de	f	La nouvelle espérance	1903	low	hun	1929	https://www.worldcat.org/oclc/909104045
FRA03001	Ohnet, Georges	m	La Grande Marnière	1885	low	eng	1910	https://www.worldcat.org/oclc/221141778
FRA03001	Ohnet, Georges	m	La Grande Marnière	1885	low	deu	1885	https://www.worldcat.org/oclc/1070994671
FRA03002	Ohnet, Georges	m	L'Âme de Pierre	1890	low	eng	2016	https://www.worldcat.org/oclc/990968597
FRA03002	Ohnet, Georges	m	L'Âme de Pierre	1890	low	deu	1890	https://www.worldcat.org/oclc/923653247
FRA03002	Ohnet, Georges	m	L'Âme de Pierre	1890	low	hun	190-?	https://www.worldcat.org/oclc/761328102
FRA03002	Ohnet, Georges	m	L'Âme de Pierre	1890	low	spa	1890	https://www.worldcat.org/oclc/651451458
FRA03002	Ohnet, Georges	m	L'Âme de Pierre	1890	low	tur	19--	https://www.worldcat.org/oclc/4077971
FRA03003	Ohnet, Georges	m	Le Marchand de Poison	1894	low	eng	2006	https://www.worldcat.org/oclc/1096816152
FRA03003	Ohnet, Georges	m	Le Marchand de Poison	1894	low	deu	1903	https://www.worldcat.org/oclc/251970588
FRA03003	Ohnet, Georges	m	Le Marchand de Poison	1894	low	rus	1903	https://www.worldcat.org/oclc/22197079
FRA03101	Ponson du Terrail, Pierre Alexis	m	La baronne trépassée	1852	high	deu	1864	https://www.worldcat.org/oclc/722382909
FRA03201	Blandy, Stella	f	Rouzétou	1887	low	N/A	N/A	N/A
FRA03302	Rattazzi, Marie [Marie-Lætitia Bonaparte-Wyse]	f	Le piège aux maris	1865	low	N/A	N/A	N/A
FRA03401	Reybaud, Fanny [Hippolyte Arnaud]	f	Mademoiselle de Malepeire	1855	high	ara	1860	https://www.worldcat.org/oclc/1159965656
FRA03401	Reybaud, Fanny [Hippolyte Arnaud]	f	Mademoiselle de Malepeire	1855	high	eng	2020	https://www.worldcat.org/oclc/1199055882
FRA03601	Proust, Marcel	m	Du côté de chez Swann	1913	high	eng	1992	https://www.worldcat.org/oclc/831331323
FRA03601	Proust, Marcel	m	Du côté de chez Swann	1913	high	spa	1985	https://www.worldcat.org/oclc/433369644
FRA03601	Proust, Marcel	m	Du côté de chez Swann	1913	high	deu	2017	https://www.worldcat.org/oclc/1184948639
FRA03601	Proust, Marcel	m	Du côté de chez Swann	1913	high	ita	2002	https://www.worldcat.org/oclc/440568234
FRA03601	Proust, Marcel	m	Du côté de chez Swann	1913	high	jpn	1973	https://www.worldcat.org/oclc/19600213
FRA03601	Proust, Marcel	m	Du côté de chez Swann	1913	high	pol	2003	https://www.worldcat.org/oclc/749601036
FRA03601	Proust, Marcel	m	Du côté de chez Swann	1913	high	kor	1985	https://www.worldcat.org/oclc/50786206
FRA03601	Proust, Marcel	m	Du côté de chez Swann	1913	high	cat	1999	https://www.worldcat.org/oclc/433042815
FRA03601	Proust, Marcel	m	Du côté de chez Swann	1913	high	chi	2004	https://www.worldcat.org/oclc/64023172
FRA03601	Proust, Marcel	m	Du côté de chez Swann	1913	high	hrv	1989	https://www.worldcat.org/oclc/23089234
FRA03601	Proust, Marcel	m	Du côté de chez Swann	1913	high	rus	2016	https://www.worldcat.org/oclc/961328498
FRA03601	Proust, Marcel	m	Du côté de chez Swann	1913	high	heb	1993	https://www.worldcat.org/oclc/221496812
FRA03601	Proust, Marcel	m	Du côté de chez Swann	1913	high	hun	1983	https://www.worldcat.org/oclc/23302754
FRA03601	Proust, Marcel	m	Du côté de chez Swann	1913	high	per	1990	https://www.worldcat.org/oclc/23871097
FRA03601	Proust, Marcel	m	Du côté de chez Swann	1913	high	slv	1987	https://www.worldcat.org/oclc/1051687255
FRA03601	Proust, Marcel	m	Du côté de chez Swann	1913	high	tur	2011	https://www.worldcat.org/oclc/854993295
FRA03601	Proust, Marcel	m	Du côté de chez Swann	1913	high	baq	2013	https://www.worldcat.org/oclc/957666892
FRA03601	Proust, Marcel	m	Du côté de chez Swann	1913	high	dut	2015	https://www.worldcat.org/oclc/945072783
FRA03601	Proust, Marcel	m	Du côté de chez Swann	1913	high	ces	1927	https://www.worldcat.org/oclc/79927670
FRA03601	Proust, Marcel	m	Du côté de chez Swann	1913	high	mac	2001	https://www.worldcat.org/oclc/223377159
FRA03601	Proust, Marcel	m	Du côté de chez Swann	1913	high	por	2003	https://www.worldcat.org/oclc/806233614
FRA03601	Proust, Marcel	m	Du côté de chez Swann	1913	high	ara	1986	https://www.worldcat.org/oclc/839250232
FRA03601	Proust, Marcel	m	Du côté de chez Swann	1913	high	bos	2004	https://www.worldcat.org/oclc/447623735
FRA03601	Proust, Marcel	m	Du côté de chez Swann	1913	high	fin	1975	https://www.worldcat.org/oclc/58021020
FRA03601	Proust, Marcel	m	Du côté de chez Swann	1913	high	ell	2009	https://www.worldcat.org/oclc/1182607712
FRA03601	Proust, Marcel	m	Du côté de chez Swann	1913	high	srp	1983	https://www.worldcat.org/oclc/441135618
FRA03601	Proust, Marcel	m	Du côté de chez Swann	1913	high	swe	2009	https://www.worldcat.org/oclc/939024441
FRA03601	Proust, Marcel	m	Du côté de chez Swann	1913	high	dan	2003	https://www.worldcat.org/oclc/472159142
FRA03601	Proust, Marcel	m	Du côté de chez Swann	1913	high	glg	2005	https://www.worldcat.org/oclc/433871271
FRA03601	Proust, Marcel	m	Du côté de chez Swann	1913	high	lat	1976	https://www.worldcat.org/oclc/933095668
FRA03601	Proust, Marcel	m	Du côté de chez Swann	1913	high	nob	2008	https://www.worldcat.org/oclc/1090570822
FRA03601	Proust, Marcel	m	Du côté de chez Swann	1913	high	ukr	1997	https://www.worldcat.org/oclc/76894473
FRA03601	Proust, Marcel	m	Du côté de chez Swann	1913	high	vie	2013	https://www.worldcat.org/oclc/878500827
FRA03701	Sand, George [Amantine Lucile Aurore Dupin]	f	Nanon	1872	high	eng	1976	https://www.worldcat.org/oclc/972864528
FRA03701	Sand, George [Amantine Lucile Aurore Dupin]	f	Nanon	1872	high	rus	1997	https://www.worldcat.org/oclc/873383524
FRA03701	Sand, George [Amantine Lucile Aurore Dupin]	f	Nanon	1872	high	chi	2017	https://www.worldcat.org/oclc/1052487958
FRA03701	Sand, George [Amantine Lucile Aurore Dupin]	f	Nanon	1872	high	dan	2018	https://www.worldcat.org/oclc/1099293363
FRA03701	Sand, George [Amantine Lucile Aurore Dupin]	f	Nanon	1872	high	deu	2004	https://www.worldcat.org/oclc/76611409
FRA03701	Sand, George [Amantine Lucile Aurore Dupin]	f	Nanon	1872	high	ita	2014	https://www.worldcat.org/oclc/908150787
FRA03702	Sand, George [Amantine Lucile Aurore Dupin]	f	Le dernier amour	1867	high	eng	1867	https://www.worldcat.org/oclc/504656946
FRA03702	Sand, George [Amantine Lucile Aurore Dupin]	f	Le dernier amour	1867	high	ita	1964	https://www.worldcat.org/oclc/1038098149
FRA03702	Sand, George [Amantine Lucile Aurore Dupin]	f	Le dernier amour	1867	high	pol	2007	https://www.worldcat.org/oclc/213357616
FRA03704	Sand, George [Amantine Lucile Aurore Dupin]	f	Horace	1840	high	deu	1961	https://www.worldcat.org/oclc/724406725
FRA03704	Sand, George [Amantine Lucile Aurore Dupin]	f	Horace	1840	high	rus	1960	https://www.worldcat.org/oclc/80489359
FRA03704	Sand, George [Amantine Lucile Aurore Dupin]	f	Horace	1840	high	eng	1995	https://www.worldcat.org/oclc/832662239
FRA03704	Sand, George [Amantine Lucile Aurore Dupin]	f	Horace	1840	high	dan	1845	https://www.worldcat.org/oclc/478156208
FRA03704	Sand, George [Amantine Lucile Aurore Dupin]	f	Horace	1840	high	chi	1991	https://www.worldcat.org/oclc/769133251
FRA03704	Sand, George [Amantine Lucile Aurore Dupin]	f	Horace	1840	high	ces	1972	https://www.worldcat.org/oclc/42168440
FRA03704	Sand, George [Amantine Lucile Aurore Dupin]	f	Horace	1840	high	ell	1994	https://www.worldcat.org/oclc/880492418
FRA03704	Sand, George [Amantine Lucile Aurore Dupin]	f	Horace	1840	high	lav	1963	https://www.worldcat.org/oclc/869303019
FRA03704	Sand, George [Amantine Lucile Aurore Dupin]	f	Horace	1840	high	slk	1973	https://www.worldcat.org/oclc/660187549
FRA03802	Stern, Daniel [Marie d'Agoult]	f	Nélida	1846	low	eng	2003	https://www.worldcat.org/oclc/923418178
FRA03802	Stern, Daniel [Marie d'Agoult]	f	Nélida	1846	low	deu	1846	https://www.worldcat.org/oclc/643514024
FRA03802	Stern, Daniel [Marie d'Agoult]	f	Nélida	1846	low	ita	1848	https://www.worldcat.org/oclc/848801638
FRA03802	Stern, Daniel [Marie d'Agoult]	f	Nélida	1846	low	spa	1847	https://www.worldcat.org/oclc/431609057
FRA03903	Stolz, Madame de [Fanny de Bégon]	f	Le Secret de Laurent	1878	low	N/A	N/A	N/A
FRA04001	Verne, Jules	m	Un capitaine de quinze ans	1878	high	spa	1991	https://www.worldcat.org/oclc/39948323
FRA04001	Verne, Jules	m	Un capitaine de quinze ans	1878	high	deu	1879	https://www.worldcat.org/oclc/27259012
FRA04001	Verne, Jules	m	Un capitaine de quinze ans	1878	high	rus	2020	https://www.worldcat.org/oclc/1193352456
FRA04001	Verne, Jules	m	Un capitaine de quinze ans	1878	high	ita	1979	https://www.worldcat.org/oclc/799829079
FRA04001	Verne, Jules	m	Un capitaine de quinze ans	1878	high	eng	1976	https://www.worldcat.org/oclc/3630797
FRA04001	Verne, Jules	m	Un capitaine de quinze ans	1878	high	ell	2004	https://www.worldcat.org/oclc/1111698755
FRA04001	Verne, Jules	m	Un capitaine de quinze ans	1878	high	pol	2013	https://www.worldcat.org/oclc/848260107
FRA04001	Verne, Jules	m	Un capitaine de quinze ans	1878	high	chi	2019	https://www.worldcat.org/oclc/1222981455
FRA04001	Verne, Jules	m	Un capitaine de quinze ans	1878	high	baq	1981	https://www.worldcat.org/oclc/434008543
FRA04001	Verne, Jules	m	Un capitaine de quinze ans	1878	high	hun	2011	https://www.worldcat.org/oclc/909805040
FRA04001	Verne, Jules	m	Un capitaine de quinze ans	1878	high	mon	1996	https://www.worldcat.org/oclc/1097361889
FRA04001	Verne, Jules	m	Un capitaine de quinze ans	1878	high	por	2017	https://www.worldcat.org/oclc/1126437262
FRA04001	Verne, Jules	m	Un capitaine de quinze ans	1878	high	yid	19--?	https://www.worldcat.org/oclc/19312701
FRA04001	Verne, Jules	m	Un capitaine de quinze ans	1878	high	cat	1965	https://www.worldcat.org/oclc/803923251
FRA04001	Verne, Jules	m	Un capitaine de quinze ans	1878	high	ces	2019	https://www.worldcat.org/oclc/1127275855
FRA04001	Verne, Jules	m	Un capitaine de quinze ans	1878	high	dut	1959	https://www.worldcat.org/oclc/71703612
FRA04001	Verne, Jules	m	Un capitaine de quinze ans	1878	high	heb	1993	https://www.worldcat.org/oclc/28765279
FRA04001	Verne, Jules	m	Un capitaine de quinze ans	1878	high	kor	1992	https://www.worldcat.org/oclc/50257275
FRA04001	Verne, Jules	m	Un capitaine de quinze ans	1878	high	slv	1983	https://www.worldcat.org/oclc/441077925
FRA04001	Verne, Jules	m	Un capitaine de quinze ans	1878	high	srp	1976	https://www.worldcat.org/oclc/938868776
FRA04001	Verne, Jules	m	Un capitaine de quinze ans	1878	high	tur	1959	https://www.worldcat.org/oclc/949598215
FRA04001	Verne, Jules	m	Un capitaine de quinze ans	1878	high	ukr	1957	https://www.worldcat.org/oclc/184800302
FRA04001	Verne, Jules	m	Un capitaine de quinze ans	1878	high	sqi	1998	https://www.worldcat.org/oclc/53482255
FRA04001	Verne, Jules	m	Un capitaine de quinze ans	1878	high	arm	1983	https://www.worldcat.org/oclc/35576562
FRA04001	Verne, Jules	m	Un capitaine de quinze ans	1878	high	dan	1957	https://www.worldcat.org/oclc/1178629908
FRA04001	Verne, Jules	m	Un capitaine de quinze ans	1878	high	est	1975	https://www.worldcat.org/oclc/156803241
FRA04001	Verne, Jules	m	Un capitaine de quinze ans	1878	high	fin	1957	https://www.worldcat.org/oclc/58082341
FRA04001	Verne, Jules	m	Un capitaine de quinze ans	1878	high	hrv	1979	https://www.worldcat.org/oclc/441633258
FRA04001	Verne, Jules	m	Un capitaine de quinze ans	1878	high	kaz	1981	https://www.worldcat.org/oclc/49659316
FRA04001	Verne, Jules	m	Un capitaine de quinze ans	1878	high	lav	1958	https://www.worldcat.org/oclc/76056277
FRA04001	Verne, Jules	m	Un capitaine de quinze ans	1878	high	ron	2008	https://www.worldcat.org/oclc/310335321
FRA04001	Verne, Jules	m	Un capitaine de quinze ans	1878	high	slk	1963	https://www.worldcat.org/oclc/611941501
FRA04001	Verne, Jules	m	Un capitaine de quinze ans	1878	high	vie	2016	https://www.worldcat.org/oclc/995854959
FRA04002	Verne, Jules	m	Le Secret de Wilhelm Storitz	1898	high	spa	2018	https://www.worldcat.org/oclc/1117400868
FRA04002	Verne, Jules	m	Le Secret de Wilhelm Storitz	1898	high	chi	2002	https://www.worldcat.org/oclc/426150504
FRA04002	Verne, Jules	m	Le Secret de Wilhelm Storitz	1898	high	eng	2011	https://www.worldcat.org/oclc/652743710
FRA04002	Verne, Jules	m	Le Secret de Wilhelm Storitz	1898	high	deu	2009	https://www.worldcat.org/oclc/320533916
FRA04002	Verne, Jules	m	Le Secret de Wilhelm Storitz	1898	high	ell	1987	https://www.worldcat.org/oclc/880493288
FRA04002	Verne, Jules	m	Le Secret de Wilhelm Storitz	1898	high	cat	1981	https://www.worldcat.org/oclc/802427474
FRA04002	Verne, Jules	m	Le Secret de Wilhelm Storitz	1898	high	ces	1996	https://www.worldcat.org/oclc/38761441
FRA04002	Verne, Jules	m	Le Secret de Wilhelm Storitz	1898	high	pol	2017	https://www.worldcat.org/oclc/979190836
FRA04002	Verne, Jules	m	Le Secret de Wilhelm Storitz	1898	high	tur	2002	https://www.worldcat.org/oclc/50409965
FRA04002	Verne, Jules	m	Le Secret de Wilhelm Storitz	1898	high	vie	1991?	https://www.worldcat.org/oclc/26038272
FRA04002	Verne, Jules	m	Le Secret de Wilhelm Storitz	1898	high	heb	1965	https://www.worldcat.org/oclc/22406245
FRA04002	Verne, Jules	m	Le Secret de Wilhelm Storitz	1898	high	hun	2001	https://www.worldcat.org/oclc/909139372
FRA04002	Verne, Jules	m	Le Secret de Wilhelm Storitz	1898	high	ita	2018	https://www.worldcat.org/oclc/1124646561
FRA04002	Verne, Jules	m	Le Secret de Wilhelm Storitz	1898	high	lit	2003	https://www.worldcat.org/oclc/70877693
FRA04002	Verne, Jules	m	Le Secret de Wilhelm Storitz	1898	high	slk	1986	https://www.worldcat.org/oclc/17991062
FRA04102	Erckmann, Émile	m	Madame Thérèse, ou les volontaires de 92	1863	high	deu	1894	https://www.worldcat.org/oclc/613644073
FRA04102	Erckmann, Émile	m	Madame Thérèse, ou les volontaires de 92	1863	high	eng	1898	https://www.worldcat.org/oclc/937500717
FRA04202	Rolland, Romain	m	Jean-Christophe	1912	high	chi	2013	https://www.worldcat.org/oclc/908695379
FRA04202	Rolland, Romain	m	Jean-Christophe	1912	high	eng	2010	https://www.worldcat.org/oclc/944182101
FRA04202	Rolland, Romain	m	Jean-Christophe	1912	high	deu	1977	https://www.worldcat.org/oclc/1067453411
FRA04202	Rolland, Romain	m	Jean-Christophe	1912	high	yid	1931	https://www.worldcat.org/oclc/68669014
FRA04202	Rolland, Romain	m	Jean-Christophe	1912	high	jpn	1967	https://www.worldcat.org/oclc/41177660
FRA04202	Rolland, Romain	m	Jean-Christophe	1912	high	pol	1988	https://www.worldcat.org/oclc/20085156
FRA04202	Rolland, Romain	m	Jean-Christophe	1912	high	spa	2001	https://www.worldcat.org/oclc/760397778
FRA04202	Rolland, Romain	m	Jean-Christophe	1912	high	ces	1935	https://www.worldcat.org/oclc/47068551
FRA04202	Rolland, Romain	m	Jean-Christophe	1912	high	swe	1920	https://www.worldcat.org/oclc/154275376
FRA04202	Rolland, Romain	m	Jean-Christophe	1912	high	rus	1982	https://www.worldcat.org/oclc/8850610
FRA04202	Rolland, Romain	m	Jean-Christophe	1912	high	hun	1973	https://www.worldcat.org/oclc/895290842
FRA04202	Rolland, Romain	m	Jean-Christophe	1912	high	dan	1918	https://www.worldcat.org/oclc/1224308731
FRA04202	Rolland, Romain	m	Jean-Christophe	1912	high	dut	1920	https://www.worldcat.org/oclc/64162744
FRA04202	Rolland, Romain	m	Jean-Christophe	1912	high	ita	1966	https://www.worldcat.org/oclc/926793828
FRA04202	Rolland, Romain	m	Jean-Christophe	1912	high	fin	1956	https://www.worldcat.org/oclc/492716317
FRA04202	Rolland, Romain	m	Jean-Christophe	1912	high	kor	1979	https://www.worldcat.org/oclc/38742457
FRA04202	Rolland, Romain	m	Jean-Christophe	1912	high	lav	1959	https://www.worldcat.org/oclc/463770233
FRA04202	Rolland, Romain	m	Jean-Christophe	1912	high	hrv	1947	https://www.worldcat.org/oclc/58943537
FRA04202	Rolland, Romain	m	Jean-Christophe	1912	high	ron	1985	https://www.worldcat.org/oclc/895530988
FRA04202	Rolland, Romain	m	Jean-Christophe	1912	high	tur	1997	https://www.worldcat.org/oclc/274844378
FRA04202	Rolland, Romain	m	Jean-Christophe	1912	high	slv	1954	https://www.worldcat.org/oclc/440162281
FRA04202	Rolland, Romain	m	Jean-Christophe	1912	high	est	1958	https://www.worldcat.org/oclc/62922950
FRA04202	Rolland, Romain	m	Jean-Christophe	1912	high	heb	1932	https://www.worldcat.org/oclc/959599148
FRA04202	Rolland, Romain	m	Jean-Christophe	1912	high	lit	1974	https://www.worldcat.org/oclc/463770144
FRA04202	Rolland, Romain	m	Jean-Christophe	1912	high	per	2012	https://www.worldcat.org/oclc/902997998
FRA04202	Rolland, Romain	m	Jean-Christophe	1912	high	ben	1950	https://www.worldcat.org/oclc/463507112
FRA04202	Rolland, Romain	m	Jean-Christophe	1912	high	arm	1966	https://www.worldcat.org/oclc/31952189
FRA04202	Rolland, Romain	m	Jean-Christophe	1912	high	ell	N/A	https://www.worldcat.org/oclc/1111712708
FRA04202	Rolland, Romain	m	Jean-Christophe	1912	high	por	2006	https://www.worldcat.org/oclc/762520784
FRA04202	Rolland, Romain	m	Jean-Christophe	1912	high	slk	1952	https://www.worldcat.org/oclc/463800406
FRA04202	Rolland, Romain	m	Jean-Christophe	1912	high	tut	1940	https://www.worldcat.org/oclc/462430644
FRA04202	Rolland, Romain	m	Jean-Christophe	1912	high	vie	1976	https://www.worldcat.org/oclc/63233612
FRA04202	Rolland, Romain	m	Jean-Christophe	1912	high	bel	1938	https://www.worldcat.org/oclc/462607585
FRA04202	Rolland, Romain	m	Jean-Christophe	1912	high	bul	1981	https://www.worldcat.org/oclc/464310689
FRA04202	Rolland, Romain	m	Jean-Christophe	1912	high	fiu	1937	https://www.worldcat.org/oclc/462905143
FRA04202	Rolland, Romain	m	Jean-Christophe	1912	high	ice	1947	https://www.worldcat.org/oclc/5247802
FRA04202	Rolland, Romain	m	Jean-Christophe	1912	high	kaz	1937	https://www.worldcat.org/oclc/462435256
FRA04202	Rolland, Romain	m	Jean-Christophe	1912	high	lat	1959	https://www.worldcat.org/oclc/314620413
FRA04202	Rolland, Romain	m	Jean-Christophe	1912	high	ori	1955	https://www.worldcat.org/oclc/463504511
FRA04202	Rolland, Romain	m	Jean-Christophe	1912	high	tgk	1938	https://www.worldcat.org/oclc/462717927
FRA04301	Achard, Amédée	m	Belle-Rose	1847	high	eng	2015	https://www.worldcat.org/oclc/983128860
FRA04301	Achard, Amédée	m	Belle-Rose	1847	high	deu	1851	https://www.worldcat.org/oclc/838919203
FRA04301	Achard, Amédée	m	Belle-Rose	1847	high	ita	1875	https://www.worldcat.org/oclc/635963499
FRA04301	Achard, Amédée	m	Belle-Rose	1847	high	ron	1983	https://www.worldcat.org/oclc/895203272
FRA04301	Achard, Amédée	m	Belle-Rose	1847	high	spa	1888	https://www.worldcat.org/oclc/804350186
FRA04401	Barbusse, Henri	m	Le Feu	1916	high	eng	2004	https://www.worldcat.org/oclc/61119239
FRA04401	Barbusse, Henri	m	Le Feu	1916	high	deu	2007	https://www.worldcat.org/oclc/254487781
FRA04401	Barbusse, Henri	m	Le Feu	1916	high	spa	1917	https://www.worldcat.org/oclc/459466579
FRA04401	Barbusse, Henri	m	Le Feu	1916	high	pol	1920	https://www.worldcat.org/oclc/827699658
FRA04401	Barbusse, Henri	m	Le Feu	1916	high	rus	2014	https://www.worldcat.org/oclc/892412174
FRA04401	Barbusse, Henri	m	Le Feu	1916	high	ces	1949	https://www.worldcat.org/oclc/26176997
FRA04401	Barbusse, Henri	m	Le Feu	1916	high	yid	1925	https://www.worldcat.org/oclc/1074990659
FRA04401	Barbusse, Henri	m	Le Feu	1916	high	ell	1954	https://www.worldcat.org/oclc/1111707536
FRA04401	Barbusse, Henri	m	Le Feu	1916	high	tur	1975	https://www.worldcat.org/oclc/1030070888
FRA04401	Barbusse, Henri	m	Le Feu	1916	high	hun	1956	https://www.worldcat.org/oclc/1087551131
FRA04401	Barbusse, Henri	m	Le Feu	1916	high	dut	1919	https://www.worldcat.org/oclc/668173248
FRA04401	Barbusse, Henri	m	Le Feu	1916	high	ita	2014	https://www.worldcat.org/oclc/898738175
FRA04401	Barbusse, Henri	m	Le Feu	1916	high	jpn	1951	https://www.worldcat.org/oclc/33721039
FRA04401	Barbusse, Henri	m	Le Feu	1916	high	fin	1935	https://www.worldcat.org/oclc/759742408
FRA04401	Barbusse, Henri	m	Le Feu	1916	high	hrv	1919	https://www.worldcat.org/oclc/24413498
FRA04401	Barbusse, Henri	m	Le Feu	1916	high	kor	2015	https://www.worldcat.org/oclc/975635565
FRA04401	Barbusse, Henri	m	Le Feu	1916	high	lav	1930	https://www.worldcat.org/oclc/24413505
FRA04401	Barbusse, Henri	m	Le Feu	1916	high	nob	2018	https://www.worldcat.org/oclc/1090574272
FRA04401	Barbusse, Henri	m	Le Feu	1916	high	slk	1950	https://www.worldcat.org/oclc/459466606
FRA04401	Barbusse, Henri	m	Le Feu	1916	high	slv	1921	https://www.worldcat.org/oclc/445012556
FRA04501	Barrès, Maurice	m	Colette Baudoche	1908	high	eng	1918	https://www.worldcat.org/oclc/3020588
FRA04501	Barrès, Maurice	m	Colette Baudoche	1908	high	deu	1928	https://www.worldcat.org/oclc/252253568
FRA04501	Barrès, Maurice	m	Colette Baudoche	1908	high	swe	1915	https://www.worldcat.org/oclc/58211373
FRA04501	Barrès, Maurice	m	Colette Baudoche	1908	high	fin	1924	https://www.worldcat.org/oclc/58263569
FRA04501	Barrès, Maurice	m	Colette Baudoche	1908	high	nor	1916	https://www.worldcat.org/oclc/478093256
FRA04501	Barrès, Maurice	m	Colette Baudoche	1908	high	pol	1912	https://www.worldcat.org/oclc/910011576
FRA04501	Barrès, Maurice	m	Colette Baudoche	1908	high	spa	1918	https://www.worldcat.org/oclc/1132651751
FRA04601	Bazin, René	m	Le blé qui lève	1907	low	eng	1950	https://www.worldcat.org/oclc/795937639
FRA04601	Bazin, René	m	Le blé qui lève	1907	low	spa	1903?-1940?	https://www.worldcat.org/oclc/851238868
FRA04701	Bourget, Paul	m	Laurence Albani	1919	low	eng	2010	https://www.worldcat.org/oclc/944257792
FRA04701	Bourget, Paul	m	Laurence Albani	1919	low	dan	1922	https://www.worldcat.org/oclc/463582129
FRA04701	Bourget, Paul	m	Laurence Albani	1919	low	spa	1948	https://www.worldcat.org/oclc/733430037
FRA04701	Bourget, Paul	m	Laurence Albani	1919	low	swe	1922	https://www.worldcat.org/oclc/186260191
FRA04801	Corday, Michel	m	Les révélées	1909	low	N/A	N/A	N/A
FRA04901	Dumas, Alexandre [Dumas père]	m	Reine Margot	1845	high	eng	1996	https://www.worldcat.org/oclc/754415013
FRA04901	Dumas, Alexandre [Dumas père]	m	Reine Margot	1845	high	spa	1995	https://www.worldcat.org/oclc/33294401
FRA04901	Dumas, Alexandre [Dumas père]	m	Reine Margot	1845	high	deu	1845	https://www.worldcat.org/oclc/1141146929
FRA04901	Dumas, Alexandre [Dumas père]	m	Reine Margot	1845	high	rus	2017	https://www.worldcat.org/oclc/1025330256
FRA04901	Dumas, Alexandre [Dumas père]	m	Reine Margot	1845	high	fin	1966	https://www.worldcat.org/oclc/58010238
FRA04901	Dumas, Alexandre [Dumas père]	m	Reine Margot	1845	high	chi	2017	https://www.worldcat.org/oclc/1078611797
FRA04901	Dumas, Alexandre [Dumas père]	m	Reine Margot	1845	high	pol	2013	https://www.worldcat.org/oclc/909195627
FRA04901	Dumas, Alexandre [Dumas père]	m	Reine Margot	1845	high	ita	1976	https://www.worldcat.org/oclc/800412854
FRA04901	Dumas, Alexandre [Dumas père]	m	Reine Margot	1845	high	swe	1994	https://www.worldcat.org/oclc/856775152
FRA04901	Dumas, Alexandre [Dumas père]	m	Reine Margot	1845	high	jpn	1994	https://www.worldcat.org/oclc/674730634
FRA04901	Dumas, Alexandre [Dumas père]	m	Reine Margot	1845	high	ara	2000	https://www.worldcat.org/oclc/223915767
FRA04901	Dumas, Alexandre [Dumas père]	m	Reine Margot	1845	high	arm	1991	https://www.worldcat.org/oclc/35995478
FRA04901	Dumas, Alexandre [Dumas père]	m	Reine Margot	1845	high	ces	2015	https://www.worldcat.org/oclc/946293009
FRA04901	Dumas, Alexandre [Dumas père]	m	Reine Margot	1845	high	ell	1924	https://www.worldcat.org/oclc/38451519
FRA04901	Dumas, Alexandre [Dumas père]	m	Reine Margot	1845	high	hrv	1982	https://www.worldcat.org/oclc/455627696
FRA04901	Dumas, Alexandre [Dumas père]	m	Reine Margot	1845	high	hun	2011	https://www.worldcat.org/oclc/909844335
FRA04901	Dumas, Alexandre [Dumas père]	m	Reine Margot	1845	high	vie	2019	https://www.worldcat.org/oclc/1120743979
FRA04901	Dumas, Alexandre [Dumas père]	m	Reine Margot	1845	high	dan	1955	https://www.worldcat.org/oclc/468488102
FRA04901	Dumas, Alexandre [Dumas père]	m	Reine Margot	1845	high	kor	2019	https://www.worldcat.org/oclc/1128620545
FRA04901	Dumas, Alexandre [Dumas père]	m	Reine Margot	1845	high	lav	1969	https://www.worldcat.org/oclc/731199496
FRA04901	Dumas, Alexandre [Dumas père]	m	Reine Margot	1845	high	tur	1912	https://www.worldcat.org/oclc/780179245
FRA04901	Dumas, Alexandre [Dumas père]	m	Reine Margot	1845	high	per	1984	https://www.worldcat.org/oclc/940824299
FRA04901	Dumas, Alexandre [Dumas père]	m	Reine Margot	1845	high	por	2007	https://www.worldcat.org/oclc/230884552
FRA04901	Dumas, Alexandre [Dumas père]	m	Reine Margot	1845	high	ron	1970	https://www.worldcat.org/oclc/887737444
FRA04901	Dumas, Alexandre [Dumas père]	m	Reine Margot	1845	high	slk	1969	https://www.worldcat.org/oclc/50521497
FRA04901	Dumas, Alexandre [Dumas père]	m	Reine Margot	1845	high	slv	2004	https://www.worldcat.org/oclc/455948797
FRA04901	Dumas, Alexandre [Dumas père]	m	Reine Margot	1845	high	srp	1984	https://www.worldcat.org/oclc/440673202
FRA05101	Eekhoud, Georges	m	L'autre vue	1904	low	spa	1991	https://www.worldcat.org/oclc/805633258
FRA05201	Feuillet, Octave	m	La petite Comtesse	1856	low	eng	1875	https://www.worldcat.org/oclc/40938793
FRA05201	Feuillet, Octave	m	La petite Comtesse	1856	low	deu	1856	https://www.worldcat.org/oclc/257162866
FRA05201	Feuillet, Octave	m	La petite Comtesse	1856	low	spa	1883	https://www.worldcat.org/oclc/55427885
FRA05301	Galopin, Arnould	m	Le Docteur Omega	1906	low	eng	2011	https://www.worldcat.org/oclc/941800871
FRA05301	Galopin, Arnould	m	Le Docteur Omega	1906	low	pol	2017	https://www.worldcat.org/oclc/971435610
FRA05401	Kock, Paul de	m	Madeleine	1849	high	eng	194-?	https://www.worldcat.org/oclc/224264772
FRA05401	Kock, Paul de	m	Madeleine	1849	high	deu	1842	https://www.worldcat.org/oclc/613638562
FRA05401	Kock, Paul de	m	Madeleine	1849	high	spa	1850	https://www.worldcat.org/oclc/954098905
FRA05401	Kock, Paul de	m	Madeleine	1849	high	swe	1851	https://www.worldcat.org/oclc/938049106
FRA05501	Lermina, Jules	m	L'effrayante aventure	1910	low	eng	2009	https://www.worldcat.org/oclc/456272453
FRA05602	Lesueur, Daniel	m	Masque d'Amour	1904	low	N/A	N/A	N/A
FRA05702	Maquet, Auguste	m	La Maison du baigneur	1857	low	N/A	N/A	N/A
FRA05801	Mille, Pierre	m	Louise et Barnavaux	1912	low	eng	2013	https://www.worldcat.org/oclc/926982933
FRA05901	Moselly, Emile	m	Terres lorraines	1907	low	N/A	N/A	N/A
FRA06001	Rebell, Hugues	m	Les Nuits chaudes du Cap français	1902	high	eng	2011	https://www.worldcat.org/oclc/1097071381
FRA06001	Rebell, Hugues	m	Les Nuits chaudes du Cap français	1902	high	deu	1969	https://www.worldcat.org/oclc/1068433123
FRA06101	Sandeau, Jules	m	Mademoiselle de la Seiglière	1848	high	deu	1951	https://www.worldcat.org/oclc/720402367
FRA06101	Sandeau, Jules	m	Mademoiselle de la Seiglière	1848	high	eng	2016	https://www.worldcat.org/oclc/980403045
FRA06101	Sandeau, Jules	m	Mademoiselle de la Seiglière	1848	high	spa	1971	https://www.worldcat.org/oclc/1025196177
FRA06101	Sandeau, Jules	m	Mademoiselle de la Seiglière	1848	high	dan	1874	https://www.worldcat.org/oclc/465640208
FRA06101	Sandeau, Jules	m	Mademoiselle de la Seiglière	1848	high	hun	1898	https://www.worldcat.org/oclc/909764838
FRA06101	Sandeau, Jules	m	Mademoiselle de la Seiglière	1848	high	swe	1885	https://www.worldcat.org/oclc/186652047
FRA06101	Sandeau, Jules	m	Mademoiselle de la Seiglière	1848	high	vie	2006	https://www.worldcat.org/oclc/225142587
FRA06201	Viel-Castel, Horace de	m	Archambaud de Comborn	1845	low	N/A	N/A	N/A
FRA06301	de Montépin, Xavier	m	La porteuse de pain	1884	high	ara	2017	https://www.worldcat.org/oclc/1127233185
FRA06301	de Montépin, Xavier	m	La porteuse de pain	1884	high	eng	1884	https://www.worldcat.org/oclc/561825726
FRA06301	de Montépin, Xavier	m	La porteuse de pain	1884	high	lad	1922	https://www.worldcat.org/oclc/503700258
FRA06301	de Montépin, Xavier	m	La porteuse de pain	1884	high	tur	1984	https://www.worldcat.org/oclc/226175320
FRA06301	de Montépin, Xavier	m	La porteuse de pain	1884	high	arm	1954	https://www.worldcat.org/oclc/1056245728
FRA06301	de Montépin, Xavier	m	La porteuse de pain	1884	high	dut	N/A	https://www.worldcat.org/oclc/917171441
FRA06301	de Montépin, Xavier	m	La porteuse de pain	1884	high	heb	1968	https://www.worldcat.org/oclc/664660328
FRA06301	de Montépin, Xavier	m	La porteuse de pain	1884	high	ita	1981	https://www.worldcat.org/oclc/797101144
FRA06301	de Montépin, Xavier	m	La porteuse de pain	1884	high	kur	2004	https://www.worldcat.org/oclc/938862549
FRA06301	de Montépin, Xavier	m	La porteuse de pain	1884	high	tur	1886	https://www.worldcat.org/oclc/22925862
FRA06301	de Montépin, Xavier	m	La porteuse de pain	1884	high	ron	1977	https://www.worldcat.org/oclc/888169494
FRA06401	Chandeneux, Claire de [Bérenger, Louise Lucienne Emma]	f	Les Ménages militaires	1876	low	N/A	N/A	N/A
FRA06501	Gyp [Mirabeau, Sibylle Riquetti de]	f	Totote	1897	low	ita	1914	https://www.worldcat.org/oclc/635686555
FRA06601	Péladan, Joséphin [Joseph-Aimé Péladan]	m	Modestie et vanité, roman (La décadence latine, éthopée, XVI)	1902	low	deu	1947	https://www.worldcat.org/oclc/947060553
FRA06701	Uchard, Mario	m	La Buveuse de perles	1882	low	eng	1882	https://www.worldcat.org/oclc/504808006
FRA06801	Vaillant, Victor	m	L'Elzévir de maroquin rouge	1861	low	N/A	N/A	N/A
FRA06901	Vignon, Claude [Marie-Noémi Cadiot]	f	Révoltée !	1879	low	eng	1879	https://www.worldcat.org/oclc/504897343
FRA07001	Mendès, Catulle	m	Lucignole	1892	low	N/A	N/A	N/A
FRA07101	Blondel, Adèle	f	Élise, ou l'éducation particulière	1856	low	N/A	N/A	N/A
FRA07201	Montagne, Édouard	m	Les Affamés de Londres	1886	low	N/A	N/A	N/A
FRA07301	Valgand, Cécile de [Piolenc, Cécile Marchand-Caruë, Mise de]	f	Blondine, roman nouveau	1853	low	N/A	N/A	N/A
FRA07401	Leblanc, Maurice	m	813 (Huit-Cent-Treize)	1910	high	deu	1923	https://www.worldcat.org/oclc/718799687
FRA07401	Leblanc, Maurice	m	813 (Huit-Cent-Treize)	1910	high	eng	2018	https://www.worldcat.org/oclc/1083925464
FRA07401	Leblanc, Maurice	m	813 (Huit-Cent-Treize)	1910	high	kor	2015	https://www.worldcat.org/oclc/975658758
FRA07401	Leblanc, Maurice	m	813 (Huit-Cent-Treize)	1910	high	per	1998	https://www.worldcat.org/oclc/41950530
FRA07401	Leblanc, Maurice	m	813 (Huit-Cent-Treize)	1910	high	tur	2003	https://www.worldcat.org/oclc/949464526
FRA07501	Darien, Georges	m	Le Voleur	1897	high	eng	2009	https://www.worldcat.org/oclc/946204091
FRA07501	Darien, Georges	m	Le Voleur	1897	high	deu	1989	https://www.worldcat.org/oclc/75085992
FRA07501	Darien, Georges	m	Le Voleur	1897	high	spa	2003	https://www.worldcat.org/oclc/806370508
FRA07501	Darien, Georges	m	Le Voleur	1897	high	dut	1997	https://www.worldcat.org/oclc/68719241
FRA07501	Darien, Georges	m	Le Voleur	1897	high	ita	1958	https://www.worldcat.org/oclc/797879786
FRA07501	Darien, Georges	m	Le Voleur	1897	high	jpn	1985	https://www.worldcat.org/oclc/47393638
FRA07501	Darien, Georges	m	Le Voleur	1897	high	swe	2009	https://www.worldcat.org/oclc/940252530
FRA07601	Leroux, Gaston	m	La Reine du Sabbat	1913	high	N/A	N/A	N/A